URL,Traffico,Keyword,Menzioni AI
https://www.moruzzi.it/monete-d-oro.html,0,65,0
https://www.moruzzi.it/l_euro.html,0,55,0
https://www.moruzzi.it/il_dollaro.html,0,51,0
https://www.moruzzi.it/la_sterlina_inglese.html,0,50,0
https://www.moruzzi.it/banconote_e_cartamoneta_italiana.html,0,32,0
https://www.moruzzi.it/monete-di-vittorio-emanuele-iii.html,0,20,0
https://www.moruzzi.it/dove_siamo.html,0,15,0
https://www.moruzzi.it/monete-euro-rare-commemorative.html,0,10,0
https://www.moruzzi.it/il_fiorino.html,0,10,0
https://www.moruzzi.it/il_denario_romano_di_epoca_imperiale.html,0,9,0
https://www.moruzzi.it/vendita_moruzzi_numismatica.html,0,9,0
https://www.moruzzi.it/banconote_e_cartamoneta_d_oltremare.html,0,8,0
https://www.moruzzi.it/monete_d_oltremare.html,0,8,0
https://www.moruzzi.it/il_marengo.html,0,8,0
https://www.moruzzi.it/monete-di-vittorio-emanuele-ii.html,0,8,0
https://www.moruzzi.it/le_monete_dei_papi_e_dello_stato_pontificio.html,0,8,0
https://www.moruzzi.it/monete-del-regno-di-sicilia.html,0,8,0
https://www.moruzzi.it/le_monete_di_roma_repubblicana.html,0,8,1
https://www.moruzzi.it/la_numismatica_ed_il_collezionismo.html,0,7,0
https://www.moruzzi.it/il_denario_romano_di_epoca_repubblicana.html,0,7,0
https://www.moruzzi.it/download.html,0,6,0
https://www.moruzzi.it/il_tempio_di_giano.html,0,6,1
https://www.moruzzi.it/i_falsi.html,0,6,0
https://www.moruzzi.it/monete_del_regno_di_sardegna.html,0,5,0
https://www.moruzzi.it/monete-di-napoleone-bonaparte.html,0,5,0
https://www.moruzzi.it/monete-del-regno-delle-due-sicilie.html,0,5,0
https://www.moruzzi.it/roma_nelle_monete.html,0,5,0
https://www.moruzzi.it/il_tetradramma_di_alessandro_magno.html,0,5,0
https://www.moruzzi.it/monete-di-tebe-gli-stateri-scudo-beotico.html,0,5,0
https://www.moruzzi.it/vittorio_emanuele_ii.html,0,5,0
https://www.moruzzi.it/monete-rare.html,0,4,0
https://www.moruzzi.it/monete_d_europa.html,0,4,0
https://www.moruzzi.it/numismatica_e_investimento.html,0,4,0
https://www.moruzzi.it/monete-di-adriano.html,0,4,0
https://www.moruzzi.it/lang2/the_florin.html,0,4,0
https://www.moruzzi.it/monete-romane-repubblicane.html,0,4,0
https://www.moruzzi.it/monete-di-erennio-etrusco.html,0,4,0
https://www.moruzzi.it/i_francobolli.html,0,4,0
https://www.moruzzi.it/lang3/el_estado_de_conservacion_de_las_monedas.html,0,4,0
https://www.moruzzi.it/standard_qualitativo.html,0,4,0
https://www.moruzzi.it/monete_del_regno_d_italia.html,0,3,0
https://www.moruzzi.it/monete_della_repubblica_italiana.html,0,3,0
https://www.moruzzi.it/una_breve_storia_della_banconota.html,0,3,0
https://www.moruzzi.it/monete-di-faustina-ii.html,0,3,0
https://www.moruzzi.it/monete-di-umberto-i.html,0,3,0
https://www.moruzzi.it/vittorio_emanuele_iii.html,0,3,0
https://www.moruzzi.it/monete-celtiche.html,0,3,0
https://www.moruzzi.it/monete-di-domizia.html,0,3,0
https://www.moruzzi.it/aurei-romani.html,0,2,0
https://www.moruzzi.it/monete_della_citta_del_vaticano.html,0,2,0
https://www.moruzzi.it/monete-di-marco-aurelio.html,0,2,0
https://www.moruzzi.it/monete-di-traiano.html,0,2,0
https://www.moruzzi.it/monete-di-antonino-pio.html,0,2,0
https://www.moruzzi.it/monete-di-milano.html,0,2,0
https://www.moruzzi.it/valutazione_monete_banconote.html,0,2,0
https://www.moruzzi.it/monete.html,0,2,0
https://www.moruzzi.it/monete-di-alessandro-magno.html,0,2,0
https://www.moruzzi.it/domitianus.html,0,2,0
https://www.moruzzi.it/monete-di-filippo-l-arabo.html,0,2,0
https://www.moruzzi.it/monete-di-salonina.html,0,2,0
https://www.moruzzi.it/le_medaglie.html,0,2,0
https://www.moruzzi.it/pop_up/le_abbreviazioni_testo.html,0,2,0
https://www.moruzzi.it/monete-di-traiano-decio.html,0,2,0
https://www.moruzzi.it/monete-di-gordiano-i.html,0,2,0
https://www.moruzzi.it/monete_delle_zecche_italiane.html,0,2,0
https://www.moruzzi.it/umberto_i.html,0,2,0
https://www.moruzzi.it/quadrigati.html,0,2,0
https://www.moruzzi.it/follis-romani-e-bizantini.html,0,2,0
https://www.moruzzi.it/rss_feed_news.html,0,2,0
https://www.moruzzi.it/monete-di-costantino-ii.html,0,2,0
https://www.moruzzi.it/monete-di-casa-savoia.html,0,2,0
https://www.moruzzi.it/monete-di-filippo-ii-cesare.html,0,2,0
https://www.moruzzi.it/lang5/der_florin.html,0,2,0
https://www.moruzzi.it/lang3/victor-manuel-ii.html,0,2,0
https://www.moruzzi.it/pop_up/le_abbreviazioni_per_le_monete.html,0,2,0
https://www.moruzzi.it/repubblica_sociale_italiana.html,0,1,0
https://www.moruzzi.it/monete-di-gallieno.html,0,1,0
https://www.moruzzi.it/monete-da-collezione.html,0,1,0
https://www.moruzzi.it/il_nostro_ebay.html,0,1,0
https://www.moruzzi.it/monete-di-agrippa.html,0,1,0
https://www.moruzzi.it/monete-di-caligola.html,0,1,0
https://www.moruzzi.it/pop_up/collezionare_monete_antiche_in_italia.html,0,1,0
https://www.moruzzi.it/monete_della_repubblica_di_san_marino.html,0,1,0
https://www.moruzzi.it/la_moneta_spagnola_da_8_escudos.html,0,1,0
https://www.moruzzi.it/monete-barbariche.html,0,1,0
https://www.moruzzi.it/monete-di-emiliano.html,0,1,0
https://www.moruzzi.it/il_tetradramma_di_atene.html,0,1,0
https://www.moruzzi.it/monete-di-giuliano-ii-l-apostata.html,0,1,0
https://www.moruzzi.it/la_titolatura_imperiale.html,0,1,0
https://www.moruzzi.it/monete-romane-provinciali.html,0,1,0
https://www.moruzzi.it/monete-di-filippo-ii-di-macedonia.html,0,1,0
https://www.moruzzi.it/luogotenenza.html,0,1,0
https://www.moruzzi.it/un_solido_di_giovino.html,0,1,0
https://www.moruzzi.it/monete-di-otone.html,0,1,0
https://www.moruzzi.it/monete-di-costanzo-ii.html,0,1,0
https://www.moruzzi.it/monete-di-clodio-albino.html,0,1,0
https://www.moruzzi.it/monete-di-diadumeniano.html,0,1,0
https://www.moruzzi.it/monete-di-galerio.html,0,1,0
https://www.moruzzi.it/lo_statere_di_corinto.html,0,1,0
https://www.moruzzi.it/dupondi-romani.html,0,1,0
https://www.moruzzi.it/monete-di-licinio-ii.html,0,1,0
https://www.moruzzi.it/serie-divisionali-euro.html,0,1,0
https://www.moruzzi.it/monete-di-valeriano-i.html,0,1,0
https://www.moruzzi.it/monete-di-floriano.html,0,1,0
https://www.moruzzi.it/le_abbreviazioni_testo.html,0,1,0
https://www.moruzzi.it/lang2/papal_coins.html,0,1,0
https://www.moruzzi.it/monete-di-sabina.html,0,1,0
https://www.moruzzi.it/lang3/,0,1,0
https://www.moruzzi.it/monete-di-gioviano.html,0,1,0
https://www.moruzzi.it/monete-di-massimo-cesare.html,0,1,0
https://www.moruzzi.it/monete-di-bruto.html,0,1,0
https://www.moruzzi.it/certificazione_di_qualita_moruzzi.html,0,1,0
https://www.moruzzi.it/monete-di-cassio.html,0,1,0
https://www.moruzzi.it/lang2/roman_imperial_coins.html,0,1,0
https://www.moruzzi.it/lang2/the_spanish_coin_of_8_reales.html,0,1,0
https://www.moruzzi.it/lang1/le_temple_de_janus.html,0,1,0
https://www.moruzzi.it/monete-di-elio.html,0,1,0
https://www.moruzzi.it/gli_attestati_di_garanzia_e_provenienza.html,0,1,0
https://www.moruzzi.it/download/2008_pdf/32-35.pdf,0,1,0
https://www.moruzzi.it/monete-di-magnenzio.html,0,1,0
https://www.moruzzi.it/monete-di-licinio.html,0,1,0
https://www.moruzzi.it/il_solido_bizantino.html,0,1,0
https://www.moruzzi.it/lang2/how_to_sell.html,0,1,0
https://www.moruzzi.it/monete-di-pupieno.html,0,1,0
https://www.moruzzi.it/download/2006_pdf/01-04.pdf,0,1,0
https://www.moruzzi.it/lang2/state_of_preservation_of_coins.html,0,1,0
https://www.moruzzi.it/lang4/state_of_preservation_of_coins.html,0,1,0
https://www.moruzzi.it/lang1/une_breve_histoire_du_papier-monnaie.html,0,1,0
https://www.moruzzi.it/monete-di-druso-minore.html,0,1,0
https://www.moruzzi.it/lang2/the_marengo.html,0,1,0
https://www.moruzzi.it/lang3/el_denario_romano_de_la_epoca_republicana.html,0,1,0
https://www.moruzzi.it/monete-di-matidia.html,0,1,0
https://www.moruzzi.it/lang3/introduccion_a_la_numismatica_y_al_coleccionismo.html,0,1,0